id,name,description,address,type,imageurl,imageurl2,imageurl3,place,rating
18," Zerua","A chic, multi-cuisine dining destination offering European and Indian options.","Worli, Mumbai 400013.",restaurant,https://im1.dineout.co.in/images/uploads/restaurant/sharpen/1/v/e/p107831-1670653662639426deb0f0b.jpg?tr=tr:n-xlarge,https://im1.dineout.co.in/images/uploads/restaurant/sharpen/1/v/e/p107831-1670653662639426deb0f0b.jpg?tr=tr:n-xlarge,https://im1.dineout.co.in/images/uploads/restaurant/sharpen/1/s/v/p157419-170724015765c26add76ff0.png?tr=tr:n-xlarge,worli,4.10
16,Aer," A luxurious rooftop bar offering panoramic city views and innovative cocktails.","34th Floor, Four Seasons Hotel, Worli, Mumbai 400018.",bar,https://im1.dineout.co.in/images/uploads/restaurant/sharpen/6/h/m/p6199-144102309955e4447b42b87.jpg?tr=tr:n-xlarge,https://im1.dineout.co.in/images/uploads/restaurant/sharpen/6/h/m/p6199-144102309955e4447b42b87.jpg?tr=tr:n-xlarge,https://im1.dineout.co.in/images/uploads/restaurant/sharpen/6/b/o/p6199-15158690105a5a53522dccf.jpg?tr=tr:n-xlarge,worli,4.50
35,"Allamanda terrace","A rooftop restaurant offering Continental and Indian dishes with scenic views.","Churchgate, Mumbai 400020.",restaurant,https://im1.dineout.co.in/images/uploads/restaurant/sharpen/8/z/j/p88497-1611314864600ab6b0a1cae.jpg?tr=tr:n-xlarge,https://im1.dineout.co.in/images/uploads/restaurant/sharpen/8/r/s/p88497-16455419576214fa45636d5.jpg?tr=tr:n-xlarge,https://im1.dineout.co.in/images/uploads/restaurant/sharpen/8/u/o/p88497-1648217773623dceada3a37.jpg?tr=tr:n-xlarge,churchgate,4.10
1,Bademiya,"Established in 1946, Bademiya began as a humble seekh kebab counter and has evolved into an iconic food stall and restaurant chain in Mumbai.","Colaba, Mumbai,400039, India.",restaurant,https://media-cdn.tripadvisor.com/media/photo-s/05/90/fe/a2/bade-miya.jpg,https://1.bp.blogspot.com/-S6iMBEt-wZU/XQKJlq8OFCI/AAAAAAAAABE/h9Ui8ynLGXURYAHBcoi8BJ9RXKU-GRS7ACLcBGAs/s1600/Bademiya-Mumbai.jpg,https://im.whatshot.in/img/2021/Jan/157514-d-1611778613.jpg,colaba,3.00
30,"Banana leaf","Specializing in South Indian vegetarian delicacies, offering a variety of dosas and thalis.","Kandivali West, Mumbai 400067.",restaurant,https://im1.dineout.co.in/images/uploads/restaurant/sharpen/2/q/h/p210616-172416142766c49d935de23.jpg?tr=tr:n-xlarge,https://im1.dineout.co.in/images/uploads/restaurant/sharpen/2/c/k/p210616-172416141266c49d84ba812.jpg?tr=tr:n-xlarge,https://im1.dineout.co.in/images/uploads/restaurant/sharpen/2/f/x/p210616-172416142066c49d8c2b84b.jpg?tr=tr:n-xlarge,kandivali,4.20
21,"Banjara dhaba","A casual dining spot offering authentic Punjabi and North Indian food in a dhaba-style setting.","Western Express Highway, Borivali East, Mumbai 400066.",restaurant,https://im1.dineout.co.in/images/uploads/restaurant/sharpen/1/y/k/p154049-170679159165bb92a76e274.jpg?tr=tr:n-xlarge,https://im1.dineout.co.in/images/uploads/restaurant/sharpen/2/z/l/p21099-145612222056caa96cc6270.jpg?tr=tr:n-xlarge,https://im1.dineout.co.in/images/uploads/restaurant/sharpen/2/m/d/p21099-145612176456caa7a45fb01.jpg?tr=tr:n-xlarge,borivali,4.10
20,"Bo reverie","A quaint cafÃ© serving Continental and Mediterranean cuisine with a focus on healthy options.","Borivali West, Mumbai 400092.",cafe,https://im1.dineout.co.in/images/uploads/restaurant/sharpen/1/y/k/p154049-170679159165bb92a76e274.jpg?tr=tr:n-xlarge,https://im1.dineout.co.in/images/uploads/restaurant/sharpen/1/y/k/p154049-170679159165bb92a76e274.jpg?tr=tr:n-xlarge,https://im1.dineout.co.in/images/uploads/restaurant/sharpen/1/y/k/p154049-170679159165bb92a76e274.jpg?tr=tr:n-xlarge,borivali,4.20
19,Bustle,"A vibrant cafÃ© and co-working space offering a mix of Continental and comfort food.","LT Road, Borivali West, Mumbai 400092.",cafe,https://im1.dineout.co.in/images/uploads/restaurant/sharpen/1/p/o/p119198-1680600521642bedc91a394.jpg?tr=tr:n-xlarge,https://im1.dineout.co.in/images/uploads/restaurant/sharpen/1/p/o/p119198-1680600521642bedc91a394.jpg?tr=tr:n-xlarge,https://im1.dineout.co.in/images/uploads/restaurant/sharpen/1/m/n/p119198-1680600720642bee90619f8.jpg?tr=tr:n-xlarge,borivali,4.10
2,"Colaba social","A trendy cafe and bar that has become a favorite hangout spot for Mumbai's young crowd. It offers a unique blend of food, drinks, and a vibrant social scene.","Colaba, Mumbai,400001, India.",bar,https://tse3.mm.bing.net/th?id=OIP.Oe5RJDgZKzzO0f_t7FPctwHaE2&pid=Api&P=0&h=180,https://im.whatshot.in/img/2017/Oct/leopold-2-inline-1507974606.jpg,https://tse4.mm.bing.net/th?id=OIP.6fgNwaXp_aRSfUtpdl3GygAAAA&pid=Api&P=0&h=180,colaba,4.30
37,Dome,"A luxurious rooftop bar offering a variety of drinks and snacks with a view of Marine Drive.","Intercontinental Hotel, Churchgate, Mumbai 400020.",bar,https://im1.dineout.co.in/images/uploads/restaurant/sharpen/1/n/f/p161726-170780938765cb1a6bb0fd9.PNG?tr=tr:n-xlarge,https://im1.dineout.co.in/images/uploads/restaurant/sharpen/1/p/r/p161726-170780940165cb1a797f9f6.PNG?tr=tr:n-xlarge,https://im1.dineout.co.in/images/uploads/restaurant/sharpen/1/m/o/p161726-170780940865cb1a809a76c.PNG?tr=tr:n-xlarge,churchgate,4.50
10,Estella," A modern beachfront restaurant offering contemporary Australian cuisine with Asian influences.","Nichani Kutir Building, Juhu Tara Road, Mumbai 400049.",restaurant,https://im1.dineout.co.in/images/uploads/restaurant/sharpen/3/z/o/p30284-15017537285982f180dd2a9.jpg?tr=tr:n-xlarge,https://media.architecturaldigest.in/wp-content/uploads/2017/09/Estella-hi-res-3-866x487.jpg,https://media.architecturaldigest.in/wp-content/uploads/2017/09/Estella-hi-res-3-866x487.jpg,juhu,4.40
17,Eve,"A trendy restaurant with elegant interiors, known for its fusion dishes and cocktails.","Kamala Mills Compound, Mumbai 400013.",restaurant,https://im1.dineout.co.in/images/uploads/restaurant/sharpen/1/u/j/p107831-1721262759669862a7246b8.jpg?tr=tr:n-xlarge,https://im1.dineout.co.in/images/uploads/restaurant/sharpen/1/v/e/p107831-1670653662639426deb0f0b.jpg?tr=tr:n-xlarge,https://im1.dineout.co.in/images/uploads/restaurant/sharpen/1/v/e/p107831-1670653662639426deb0f0b.jpg?tr=tr:n-xlarge,worli,4.10
25,"Fir milenge","A cozy cafÃ© offering a mix of Indian and Continental comfort food.","Malad West, Mumbai 400064.",cafe,https://im1.dineout.co.in/images/uploads/restaurant/sharpen/1/v/u/p183298-1711956418660a61c26d1f0.jpg?tr=tr:n-xlarge,https://im1.dineout.co.in/images/uploads/restaurant/sharpen/1/v/y/p183298-1711956506660a621a12373.jpg?tr=tr:n-xlarge,https://im1.dineout.co.in/images/uploads/restaurant/sharpen/1/v/y/p183298-1711956506660a621a12373.jpg?tr=tr:n-xlarge,malad,4.00
5,Flurys," A renowned tearoom and pastry shop offering a variety of cakes, pastries, and traditional English teas.","Colaba Causeway, Mumbai, Maharashtra 400005, India",cafe,https://assets.cntraveller.in/photos/66a258347a1925c324ecbff7/master/w_1600%2Cc_limit/Flury%2520title.jpg,https://im.whatshot.in/img/2019/Jun/fotojet-1560861491.jpg,https://im.whatshot.in/img/2019/Jun/fotojet-1560861491.jpg,colaba,4.00
36,Gaylord,"Established in 1956, it offers classic Continental and Indian dishes along with a bakery.","Veer Nariman Road, Churchgate, Mumbai 400020.",bar,https://im1.dineout.co.in/images/uploads/restaurant/sharpen/1/w/k/p179089-171112522365fdb2e78c2fe.png?tr=tr:n-xlarge,https://im1.dineout.co.in/images/uploads/restaurant/sharpen/1/k/j/p179089-171112520865fdb2d8eaa86.png?tr=tr:n-xlarge,https://im1.dineout.co.in/images/uploads/restaurant/sharpen/8/u/o/p88497-1648217773623dceada3a37.jpg?tr=tr:n-xlarge,churchgate,4.30
38,Geoffrey's,"A classic British-style pub offering drinks and a range of multi-cuisine dishes.","Marine Drive, Churchgate, Mumbai 400020.",bar,https://im1.dineout.co.in/images/uploads/restaurant/sharpen/2/k/u/p2087-14601103665707841e03200.jpg?tr=tr:n-xlarge,https://im1.dineout.co.in/images/uploads/restaurant/sharpen/2/k/u/p2087-14601103665707841e03200.jpg?tr=tr:n-xlarge,https://im1.dineout.co.in/images/uploads/restaurant/sharpen/2/r/o/p2087-146011035957078417361b6.jpg?tr=tr:n-xlarge,churchgate,4.20
22,"Good flippin burgers","A trendy burger joint known for its artisanal burgers and sides.","I.C. Colony, Borivali West, Mumbai 400103.","fast food",https://im1.dineout.co.in/images/uploads/restaurant/sharpen/8/v/f/p8014-16704881886391a07cd6996.jpg?tr=tr:n-xlarge,https://im1.dineout.co.in/images/uploads/restaurant/sharpen/8/v/f/p8014-16704881886391a07cd6996.jpg?tr=tr:n-xlarge,https://im1.dineout.co.in/images/uploads/restaurant/sharpen/1/t/l/p112604-16704901846391a84852353.jpg?tr=tr:n-xlarge,borivali,4.30
12,"Haji ali juice  centre","Renowned for fresh fruit juices, milkshakes, and snacks, located near the iconic Haji Ali Dargah.","Haji Ali Circle, Lala Lajpat Rai Marg, Mumbai 400034.",juice,https://im1.dineout.co.in/images/uploads/restaurant/sharpen/1/r/t/p163616-170805567365cedc79e9124.png?tr=tr:n-xlarge,https://im1.dineout.co.in/images/uploads/restaurant/sharpen/1/q/s/p163616-170805595465cedd9235a19.png?tr=tr:n-xlarge,https://im1.dineout.co.in/images/uploads/restaurant/sharpen/1/m/w/p163616-170805568465cedc8475888.png?tr=tr:n-xlarge,"haji ali",4.00
11,Jeon,"A premium cafÃ© serving Continental and Italian fare, known for its cozy interiors.","Sea Princess Hotel, Juhu Tara Road, Mumbai 400049.",cafe,https://im1.dineout.co.in/images/uploads/restaurant/sharpen/2/w/b/p200418-1719476207667d1fef0e243.PNG?tr=tr:n-xlarge,https://im1.dineout.co.in/images/uploads/restaurant/sharpen/2/a/h/p200418-1719476161667d1fc14d78f.PNG?tr=tr:n-xlarge,https://im1.dineout.co.in/images/uploads/restaurant/sharpen/2/a/h/p200418-1719476161667d1fc14d78f.PNG?tr=tr:n-xlarge,juhu,4.10
26,"Joey's pizza","A beloved pizzeria offering generously topped pizzas in a casual setting.","Evershine Nagar, Malad West, Mumbai 400064.","fast food",https://img.restaurantguru.com/r812-Maharaja-Bhog-dishes-2021-09-5.jpg,https://im.whatshot.in/img/2018/May/mb-cropped-1-1527790883.jpg?wm=1&w=1200&h=630&cc=1,https://im.whatshot.in/img/2018/May/mb-cropped-1-1527790883.jpg?wm=1&w=1200&h=630&cc=1,malad,4.40
3,"Leopold cafe","Established in 1871, Leopold Cafe is a landmark in Colaba, known for its old-world charm and diverse menu.","Shahid Bhagat Singh Road, Colaba Causeway, Mumbai, Maharashtra 400039, India.",cafe,https://thirdeyetraveller.com/wp-content/uploads/leopold-cafe-mumbai-shantaram-bombay-9-of-9.jpg,https://imgstaticcontent.lbb.in/lbbnew/wp-content/uploads/sites/7/2018/02/01121444/01022018_leopoldcafe_05.jpg,https://im.whatshot.in/img/2020/Jan/leopold-cafe-bar-colaba-causeway-mumbai-1580291746.jpg,colaba,4.10
14,"Liberty lunch home","A simple eatery specializing in Maharashtrian and Konkani meals.","Dhobi Talao, Marine Lines, Mumbai 400002.",restaurant,https://tse2.mm.bing.net/th?id=OIP.D_5eC52JQvsBCBkQVA1TKAHaE7&pid=Api&P=0&h=180,https://tse2.mm.bing.net/th?id=OIP.D_5eC52JQvsBCBkQVA1TKAHaE7&pid=Api&P=0&h=180,https://im.whatshot.in/img/2020/Jan/leopold-cafe-bar-colaba-causeway-mumbai-1580291746.jpg,marines,4.00
15,"Lord of the drinks","A popular resto-bar with a lively ambiance, offering cocktails and multi-cuisine dishes.","Kamala Mills Compound, Worli, Mumbai 400013.",bar,https://im1.dineout.co.in/images/uploads/restaurant/sharpen/3/m/v/p37833-15295687905b2b5e1683ac8.jpg?tr=tr:n-xlarge,https://im1.dineout.co.in/images/uploads/restaurant/sharpen/3/m/v/p37833-15295687905b2b5e1683ac8.jpg?tr=tr:n-xlarge,https://im1.dineout.co.in/images/uploads/restaurant/sharpen/3/d/z/p37833-15295689755b2b5ecf588bb.jpg?tr=tr:n-xlarge,worli,4.30
29,Magari,"A cozy cafÃ© known for its fusion dishes and creative desserts."," Kandivali West, Mumbai 400067.",cafe,https://im1.dineout.co.in/images/uploads/restaurant/sharpen/5/l/n/p55899-1644991406620c93ae6a410.jpg?tr=tr:n-xlarge,https://im1.dineout.co.in/images/uploads/restaurant/sharpen/5/t/e/p55899-15568003915ccae3875cad9.jpg?tr=tr:n-xlarge,https://im1.dineout.co.in/images/uploads/restaurant/sharpen/5/q/u/p55899-15568004045ccae394ca79b.jpg?tr=tr:n-xlarge,kandivali,4.20
8,"Maharaja bhog","A vegetarian restaurant offering unlimited Rajasthani and Gujarati thalis in a traditional setting.","Juhu Tara Road, Juhu, Mumbai, Maharashtra 400049, India",restaurant,https://im.whatshot.in/img/2018/May/mb-cropped-1-1527790883.jpg?wm=1&w=1200&h=630&cc=1,https://im.whatshot.in/img/2018/May/mb-cropped-1-1527790883.jpg?wm=1&w=1200&h=630&cc=1,https://img.restaurantguru.com/r812-Maharaja-Bhog-dishes-2021-09-5.jpg,juhu,4.30
13,"Marines khaugalli","A bustling street food hub offering a variety of Indian snacks and local favorites.","Marine Lines, Mumbai 400002.","street food",https://www.fabhotels.com/blog/wp-content/uploads/2022/09/Mohammad-Ali-Road-Khau-Galli-1-768x499.jpg,https://www.fabhotels.com/blog/wp-content/uploads/2022/09/Mohammad-Ali-Road-Khau-Galli-1-768x499.jpg,https://tse3.mm.bing.net/th?id=OIP.LhZV4xjY9FuNxiTlWq3BpQHaE0&pid=Api&P=0&h=180,marines,4.10
23,Novaara,"A fine-dining restaurant offering a mix of Continental and Asian dishes.","Malad West, Mumbai 400064.",restaurant,https://im1.dineout.co.in/images/uploads/restaurant/sharpen/2/c/p/p200871-17198382966682a658b9dbf.jpg?tr=tr:n-xlarge,https://im1.dineout.co.in/images/uploads/restaurant/sharpen/2/c/p/p200871-17198382966682a658b9dbf.jpg?tr=tr:n-xlarge,https://im1.dineout.co.in/images/uploads/restaurant/sharpen/2/c/p/p200871-17198382966682a658b9dbf.jpg?tr=tr:n-xlarge,malad,4.10
24,"Persia darbar","Popular for its Mughlai and North Indian cuisine, known for biryanis and kebabs.","S.V. Road, Malad West, Mumbai 400064.",restaurant,https://im1.dineout.co.in/images/uploads/restaurant/sharpen/2/c/p/p200871-17198382966682a658b9dbf.jpg?tr=tr:n-xlarge,https://im1.dineout.co.in/images/uploads/restaurant/sharpen/2/c/p/p200871-17198382966682a658b9dbf.jpg?tr=tr:n-xlarge,https://im1.dineout.co.in/images/uploads/restaurant/sharpen/2/c/p/p200871-17198382966682a658b9dbf.jpg?tr=tr:n-xlarge,malad,4.20
34,"Pizza by the bae","A casual pizzeria offering gourmet pizzas and sides in a cozy setting.","Eros Building, Churchgate, Mumbai 400020.","fast food",https://im1.dineout.co.in/images/uploads/restaurant/sharpen/1/e/i/p144273-170517792865a2f348359be.JPG?tr=tr:n-xlarge,https://im1.dineout.co.in/images/uploads/restaurant/sharpen/1/u/f/p144273-170517793765a2f3512ed16.JPG?tr=tr:n-xlarge,https://im1.dineout.co.in/images/uploads/restaurant/sharpen/1/a/w/p144273-170517793365a2f34d1b3c8.JPG?tr=tr:n-xlarge,churchgate,4.30
9,"Pritam da dhaba","A rustic dhaba-style restaurant known for its hearty North Indian and Punjabi dishes.","Juhu Tara Road, Juhu, Mumbai, Maharashtra 400049, India.",restaurant,https://media-cdn.tripadvisor.com/media/photo-s/02/fe/f1/a5/pritam-da-dhaba.jpg,https://media-cdn.tripadvisor.com/media/photo-s/02/fe/f1/a5/pritam-da-dhaba.jpg,https://gumlet.assettype.com/freepressjournal/2022-10/d6351fe9-2b85-45d5-b816-137cd02d7f1c/1_pritam_original_butter_chicken_cropped_1634894028.jpg,juhu,4.00
6,"Prithvi cafe","A charming cafe located within the Prithvi Theatre premises, known for its serene ambiance and delectable chai.","20 Janki Kutir, Juhu Church Road, Mumbai, Maharashtra 400049, India.",cafe,https://d2dzi65yjecjnt.cloudfront.net/363520-1.jpg,https://imgstaticcontent.lbb.in/lbbnew/wp-content/uploads/sites/7/2016/11/11112016_PrithviCafe2.jpg,https://d2dzi65yjecjnt.cloudfront.net/363520-1.jpg,juhu,4.40
7,"Razzberry rhinoceros"," A beachfront restaurant offering a blend of global cuisines with a picturesque view of the Arabian Sea.","Juhu Hotel, Juhu Tara Road, Juhu, Mumbai, Maharashtra 400049, India.",restaurant,https://i.ytimg.com/vi/Pd_slfC45LE/maxresdefault.jpg,https://img4.nbstatic.in/tr:w-500/5c0e47a25f1503000d23316e.jpg,https://media-cdn.tripadvisor.com/media/photo-p/0f/64/0d/53/cocktail.jpg,juhu,4.20
28,Rizz,"A chic cafÃ© offering a mix of Continental and Italian fare.","Mahavir Nagar, Kandivali West, Mumbai 400067.",cafe,https://im1.dineout.co.in/images/uploads/restaurant/sharpen/1/h/t/p199009-1718686924667114ccc89b2.jpg?tr=tr:n-xlarge,https://im1.dineout.co.in/images/uploads/restaurant/sharpen/1/u/x/p199009-1718687090667115729ddf2.jpg?tr=tr:n-xlarge,https://im1.dineout.co.in/images/uploads/restaurant/sharpen/1/h/j/p199009-1718686886667114a63adab.jpg?tr=tr:n-xlarge,kandivali,4.10
4,Shamiana,"A contemporary restaurant that celebrates the flavors of India with a modern twist. It has quickly become one of Mumbai's most beloved dining spots.","The Taj Mahal Palace, Apollo Bunder, Mumbai, Maharashtra 400001, India.",restaurant,https://i0.wp.com/www.sassyshifsays.in/wp-content/uploads/2016/08/Shamiana-8.jpg?resize=750%2C500&ssl=1,https://tse1.mm.bing.net/th?id=OIP.fwpF6L54gjAeDrJp5DTYEQHaEE&pid=Api&P=0&h=180,https://im.whatshot.in/img/2020/Mar/shamiana-1583482815.jpg?q=90,colaba,4.50
32,"Shiv sagar","Popular for its vegetarian street food and Indian snacks.","Chowpatty, Girgaon, Mumbai 400004.","fast food",https://im1.dineout.co.in/images/uploads/restaurant/sharpen/2/k/q/p220416-17326339366745e5509f1a3.PNG?tr=tr:n-xlarge,https://im1.dineout.co.in/images/uploads/restaurant/sharpen/2/y/h/p220416-17326339436745e5574a72f.PNG?tr=tr:n-xlarge,https://im1.dineout.co.in/images/uploads/restaurant/sharpen/2/c/r/p220416-17326339306745e54a48cea.PNG?tr=tr:n-xlarge,chowpatty,4.10
31,"Shree sidhivinayak","A street-side fast-food joint offering Indian snacks like vada pav and pav bhaji.","Chowpatty, Girgaon, Mumbai 400004.","fast food",https://im1.dineout.co.in/images/uploads/restaurant/sharpen/1/s/m/p199656-17189737576675753d2bdc0.png?tr=tr:n-xlarge,https://im1.dineout.co.in/images/uploads/restaurant/sharpen/1/s/x/p199656-17189737686675754881ad1.png?tr=tr:n-xlarge,https://im1.dineout.co.in/images/uploads/restaurant/sharpen/1/s/l/p199656-17189737886675755cac30d.png?tr=tr:n-xlarge,chowpatty,4.00
33,"Third wave coffe"," A trendy cafÃ© chain known for its artisanal coffee blends and light bites."," Chowpatty, Girgaon, Mumbai 400004.",cafe,https://im1.dineout.co.in/images/uploads/restaurant/sharpen/1/e/g/p191462-1714077911662ac0d776bd4.png?tr=tr:n-xlarge,https://im1.dineout.co.in/images/uploads/restaurant/sharpen/1/b/i/p191462-1714077918662ac0de8a42a.png?tr=tr:n-xlarge,https://im1.dineout.co.in/images/uploads/restaurant/sharpen/1/a/r/p191462-1714077903662ac0cfc6ab1.png?tr=tr:n-xlarge,chowpatty,4.30
